{
    "title": "Risposta Armonica Frattale nella Rete del Gravitonio",
    "upload_type": "dataset",
    "description": "Analisi scientifica e simulativa di una rete frattale ipotetica in ambito fisico, dove le costanti fondamentali emergono come armoniche strutturate. Include risultati numerici, simulazioni Python, output CSV e impaginazione LaTeX del documento.",
    "creators": [
        {
            "name": "Madia, Danilo",
            "affiliation": "DM.K08 \u2014 Progetto \u03a8AI"
        }
    ],
    "keywords": [
        "frattale",
        "gravitonio",
        "analisi armonica",
        "fibonacci",
        "simulazione",
        "rete",
        "fisica teorica",
        "LaTeX"
    ],
    "license": "cc-by-4.0",
    "version": "1.0",
    "language": "ita",
    "related_identifiers": [
        {
            "relation": "isSupplementTo",
            "identifier": "10.5281/zenodo.826XXXX",
            "scheme": "doi"
        }
    ],
    "access_right": "open",
    "publication_date": "2025-07-22"
}